{"extensionType":"field_faas","i18nMap":{"zh-CN":{"label.fieldSelect.iata":"请选择航班号所在字段","label.fieldSelect.departureDate":"请选择出发日期(仅支持BASIC及以上订阅)","label.input.key":"请输入 Aviationstack Access Key","label.input.key.placeholder":"若选择公共测试Key则留空","label.doc":"Aviationstack Access Key 获取指南","label.outField.departure":"出发机场","label.outField.arrival":"到达机场","label.outField.status":"航班状态","label.outField.departure.scheduled":"计划起飞时间","label.outField.departure.actual":"实际起飞时间","label.outField.arrival.scheduled":"计划到达时间","label.outField.arrival.actual":"实际到达时间"},"en-US":{"label.fieldSelect.iata":"Please select the field where the flight number is located","label.fieldSelect.departureDate":"Please select departure date (only supports BASIC and above subscriptions)","label.input.key":"Please enter the Aviationstack Access Key","label.input.key.placeholder":"If you choose the public test key, leave it blank","label.doc":"Aviationstack Access Key Get Guide","label.outField.departure":"Departure Airport","label.outField.arrival":"Arrival Airport","label.outField.status":"Flight Status","label.outField.departure.scheduled":"Scheduled Arrival Time","label.outField.departure.actual":"Actual Arrival Time","label.outField.arrival.scheduled":"Scheduled Landing Time","label.outField.arrival.actual":"Actual Landing Time"},"ja-JP":{"label.fieldSelect.iata":"航空番号が配置されたフィールドを選択してください","label.fieldSelect.departureDate":"出発日を選択してください  ( BASIC 以上のサブスクリプションのみ対応 )","label.input.key":"Aviationstack アクセスキーを入力してください","label.input.key.placeholder":"公共テストキーを選択した場合は空白で入力してください","label.doc":"Aviationstack アクセスキー取得指南","label.outField.departure":"出発空港","label.outField.arrival":"到着空港","label.outField.status":"航空番号の状態","label.outField.departure.scheduled":"予定着地時刻","label.outField.departure.actual":"実際着地時刻","label.outField.arrival.scheduled":"予定着陸時刻","label.outField.arrival.actual":"実際着陸時刻"}},"fields":[{"fieldType":25,"uiSchema":{"fieldsConfigEditor":{"component":"OpenFieldMetaEditor","props":{"schema":{"items":[{"key":"iata","label":"${{label.fieldSelect.iata}}","component":"FieldSelect","props":{"supportType":[1]},"validator":{"required":true}},{"key":"departureDate","label":"${{label.fieldSelect.departureDate}}","component":"FieldSelect","props":{"supportType":[5]},"validator":{"required":false}},{"key":"key","label":"${{label.input.key}}","component":"Text","props":{"placeholder":"${{label.input.key.placeholder}}"},"tooltips":[{"type":"text","content":"${{label.doc}}"},{"type":"link","text":"点我跳转","link":"https://wingahead.feishu.cn/wiki/DFnAwVjkEitGBZkcFTUcRPj8nf9?from=from_copylink"}]}]}}}},"presetFieldConfig":{"fieldProperty":{"propertyType":25,"icon":{"light":"https://lf3-static.bytednsdoc.com/obj/eden-cn/eqgeh7upeubqnulog/chatbot.svg"},"properties":[{"key":"primaryProperty","title":"${{label.outField.status}}","propertyType":1},{"key":"id","title":"${{label.outField.status}}","propertyType":1,"hidden":true},{"key":"departure","title":"${{label.outField.departure}}","propertyType":1},{"key":"arrival","title":"${{label.outField.arrival}}","propertyType":1},{"key":"departure.scheduled","title":"${{label.outField.departure.scheduled}}","extra":{"dateFormat":"yyyy-MM-dd HH:mm"},"propertyType":5},{"key":"departure.actual","title":"${{label.outField.departure.actual}}","extra":{"dateFormat":"yyyy-MM-dd HH:mm"},"propertyType":5},{"key":"arrival.scheduled","title":"${{label.outField.arrival.scheduled}}","extra":{"dateFormat":"yyyy-MM-dd HH:mm"},"propertyType":5},{"key":"arrival.actual","title":"${{label.outField.arrival.actual}}","extra":{"dateFormat":"yyyy-MM-dd HH:mm"},"propertyType":5}]},"externalEditorConfig":{}}}]}